id,date,lenght,lang,rating,description
33,2023-01-02T19:25,5,php2,4,desc
36,2023-01-02T19:25,2,5,1,test
37,2023-01-02T19:25,2,t,3,tt
6,2022-11-25T16:50,2,5,1,test
12,2022-11-26T15:33,54,phph,3,j
10,2022-11-26T18:24,2,5,1,test
57,2022-12-01T13:02,45,lol,4,lol
58,2022-12-01T13:04,12,45,1,test
61,2022-12-09T12:08,2,js,2,popis
62,2023-01-02T15:20,3,a,2,a
63,2023-01-03T15:38,1,<b>,2,xss
67,2023-01-02T15:20,4,a,4,a
68,2023-02-14T15:05,20,php,3,popis
69,2023-01-02T15:20,4,a,4,a
70,2023-01-02T15:20,4,a,4,a
71,2023-01-02T15:20,4,a,4,a
72,2023-01-02T15:20,4,a,4,a
73,2023-01-02T15:20,4,a,4,a
74,2023-01-02T15:20,4,a,4,a
75,2023-01-02T15:20,4,a,4,a
105,2019-08-24T00:01,10,string,0,string
